exercise_num,exercise_label,stage,measure,mean_A,mean_B,mean_diff,sd_diff,d_paired,t_stat,p_value,n,pitch_target,comparison
1,Ex 1 (Owl / /u/),exercise,f0_mean,595.8782666666666,590.3244000000001,5.553866666666591,7.250124097022147,0.7660374625791215,1.7129118396383671,0.1618877911154581,5,,
1,Ex 1 (Owl / /u/),exercise,jitter_local,0.0014068733333333333,0.00156342,-0.0001565466666666667,0.00037786692881077724,-0.41429046770340644,-0.9263816482149981,0.40668106233240836,5,,
1,Ex 1 (Owl / /u/),exercise,shimmer_dB,0.09012866666666666,0.08750600000000001,0.0026226666666666594,0.013609662702980148,0.19270622085971068,0.43090420952940106,0.6887428870032675,5,,
1,Ex 1 (Owl / /u/),exercise,hnr_mean,32.92993333333334,33.7081,-0.7781666666666688,1.286306685393843,-0.6049620012885253,-1.3527361586854578,0.24754950681418436,5,,
1,Ex 1 (Owl / /u/),exercise,spectral_sd,237.13813333333331,231.51170000000002,5.62643333333329,54.36378867505058,0.10349597536264898,0.23142403630852657,0.8283417558284869,5,,
1,Ex 1 (Owl / /u/),exercise,intensity_mean_calibrated,105.45393333333334,103.71700000000001,1.7369333333333288,4.551476154929174,0.3816197809697978,0.8533277718070486,0.4415640905952502,5,,
1,Ex 1 (Owl / /u/),exercise,cpps,21.208508666666667,21.387884,-0.17937533333333278,1.32815639966668,-0.1350558815048812,-0.30199413180607093,0.7777072710540096,5,,
1,Ex 1 (Owl / /u/),exercise,h1_h2,8.912308,9.753872,-0.8415639999999998,4.668313779843853,-0.1802715155167116,-0.4030993631022753,0.7074914180074308,5,,
2,Ex 2 (Cat / /ae/),exercise,f0_mean,423.93140000000005,423.73490000000004,0.19650000000000317,10.007154727993383,0.01963595101116269,0.0439073212638155,0.967082728433467,5,,
2,Ex 2 (Cat / /ae/),exercise,jitter_local,0.00390587,0.004773009999999999,-0.0008671399999999998,0.0025302699651914614,-0.34270651429654253,-0.7663150622990726,0.4862122467915443,5,,
2,Ex 2 (Cat / /ae/),exercise,shimmer_dB,0.24406699999999998,0.267597,-0.023530000000000002,0.09474527844436363,-0.24835010658412177,-0.5553277205414143,0.6082622124573849,5,,
2,Ex 2 (Cat / /ae/),exercise,hnr_mean,20.6293,21.152499999999996,-0.5231999999999986,0.22955897934953767,-2.279152841167449,-5.096340683962198,0.007000431794673855,5,,
2,Ex 2 (Cat / /ae/),exercise,spectral_sd,568.4703000000001,393.8233,174.64700000000005,47.03291884813235,3.7132928229253452,8.303175172423161,0.0011489570578258144,5,,
2,Ex 2 (Cat / /ae/),exercise,intensity_mean_calibrated,98.7945,100.89829999999999,-2.1037999999999952,2.932875436325245,-0.7173165194618554,-1.6039684989002594,0.18398710564076198,5,,
2,Ex 2 (Cat / /ae/),exercise,cpps,23.771197,23.369136000000005,0.40206099999999906,1.2199664609754663,0.32956725685599364,0.7369347894881354,0.5020493988470983,5,,
2,Ex 2 (Cat / /ae/),exercise,h1_h2,-3.3727940000000003,-4.794903,1.422109,3.3474508129851577,0.4248334268224259,0.9499564214891268,0.3959269129419363,5,,
3,Ex 3 (Cow / /a/),exercise,f0_mean,413.69750000000005,472.06080000000003,-58.363299999999995,112.97713608270483,-0.5165939058437026,-1.155139090228645,0.3123398111526629,5,,
3,Ex 3 (Cow / /a/),exercise,jitter_local,0.01722091,0.02487988,-0.007658970000000001,0.005469412598899448,-1.4003277064050963,-3.131227942298163,0.03514360414405428,5,,
3,Ex 3 (Cow / /a/),exercise,shimmer_dB,0.7427819999999999,1.054132,-0.31135,0.17900314463019912,-1.7393549182793129,-3.8893158342711356,0.01770087001359907,5,,
3,Ex 3 (Cow / /a/),exercise,hnr_mean,16.815800000000003,12.2792,4.536600000000002,6.099191600122101,0.7438034902706094,1.6631951661466862,0.17160685976756926,5,,
3,Ex 3 (Cow / /a/),exercise,spectral_sd,248.6962,319.4028,-70.70660000000001,50.72945655804917,-1.393797702506259,-3.1166264096870235,0.035642665911914714,5,,
3,Ex 3 (Cow / /a/),exercise,intensity_mean_calibrated,89.66420000000001,89.4844,0.17980000000000587,4.00842889421778,0.0448554794771014,0.10029990127414545,0.9249323188271277,5,,
3,Ex 3 (Cow / /a/),exercise,cpps,21.460516000000002,20.999776,0.4607399999999998,1.891617253796998,0.24356935795291962,0.5446376416187073,0.614944013541556,5,,
3,Ex 3 (Cow / /a/),exercise,h1_h2,9.504326,1.9840439999999997,7.520282,10.152111118167493,0.7407604105654675,1.6563906330650389,0.17298394685935983,5,,
1,Ex 1 (Owl / /u/),somewhere_some,f0_mean,260.704,258.88800000000003,1.8160000000000025,,0.28872946489017076,,0.5536956362716032,5,some,raw
1,Ex 1 (Owl / /u/),somewhere_some,f0_mean,1.9839999999999918,0.5340000000000031,1.4499999999999886,,0.26338246342527266,,,5,some,change_from_baseline
1,Ex 1 (Owl / /u/),somewhere_some,jitter_local,0.0029898,0.0023669999999999997,0.0006228,,0.9966322013454386,,0.08975659837299033,5,some,raw
1,Ex 1 (Owl / /u/),somewhere_some,jitter_local,9.900000000000005e-05,-0.000312,0.00041100000000000007,,0.46280291811895646,,,5,some,change_from_baseline
1,Ex 1 (Owl / /u/),somewhere_some,shimmer_dB,0.18342,0.19713999999999998,-0.01372,,-0.11058971490818761,,0.8168608521937983,5,some,raw
1,Ex 1 (Owl / /u/),somewhere_some,shimmer_dB,-0.05045999999999999,-0.031059999999999997,-0.019400000000000004,,-0.13309088776343067,,,5,some,change_from_baseline
1,Ex 1 (Owl / /u/),somewhere_some,hnr_mean,23.494,23.778000000000002,-0.28399999999999964,,-0.06532598161872144,,0.8909292904357677,5,some,raw
1,Ex 1 (Owl / /u/),somewhere_some,hnr_mean,0.5720000000000006,0.048000000000000397,0.5240000000000002,,0.16153132506720153,,,5,some,change_from_baseline
1,Ex 1 (Owl / /u/),somewhere_some,spectral_sd,404.12,377.206,26.913999999999987,,0.9141273221118358,,0.11043403154739974,5,some,raw
1,Ex 1 (Owl / /u/),somewhere_some,spectral_sd,34.54799999999999,-7.591999999999996,42.139999999999986,,0.6580375456425679,,,5,some,change_from_baseline
1,Ex 1 (Owl / /u/),somewhere_some,intensity_mean_calibrated,97.326,97.32000000000001,0.006000000000000227,,0.0008275576315592301,,0.9986121446504791,5,some,raw
1,Ex 1 (Owl / /u/),somewhere_some,intensity_mean_calibrated,1.445999999999998,-0.8719999999999999,2.317999999999998,,0.4906837266286995,,,5,some,change_from_baseline
1,Ex 1 (Owl / /u/),somewhere_some,cpps,26.498879999999996,26.82842,-0.32954000000000006,,-0.17589785813733802,,0.7141468957153634,5,some,raw
1,Ex 1 (Owl / /u/),somewhere_some,cpps,1.1113999999999997,0.39528000000000035,0.7161199999999994,,0.3213733591448633,,,5,some,change_from_baseline
1,Ex 1 (Owl / /u/),somewhere_some,h1_h2,2.3821333333333334,4.708966666666667,-2.3268333333333326,,-0.531367705432031,,0.4545463385380555,3,some,raw
1,Ex 1 (Owl / /u/),somewhere_some,h1_h2,-3.3644,-1.2132666666666667,-2.151133333333333,,-1.3786515533553465,,,3,some,change_from_baseline
1,Ex 1 (Owl / /u/),somewhere_where,f0_mean,523.8,523.908,-0.10800000000000409,,-0.015365534276546296,,0.9742375511728687,5,where,raw
1,Ex 1 (Owl / /u/),somewhere_where,f0_mean,5.07600000000001,2.1120000000000116,2.9639999999999986,,0.26585233936391117,,,5,where,change_from_baseline
1,Ex 1 (Owl / /u/),somewhere_where,jitter_local,0.0034203999999999997,0.0033628,5.760000000000019e-05,,0.022109600415713113,,0.962939941464064,5,where,raw
1,Ex 1 (Owl / /u/),somewhere_where,jitter_local,-0.0006495999999999999,-0.00012560000000000002,-0.0005239999999999999,,-0.14777909240981477,,,5,where,change_from_baseline
1,Ex 1 (Owl / /u/),somewhere_where,shimmer_dB,0.26054,0.19033999999999998,0.0702,,0.36155371688941995,,0.46416566618202043,5,where,raw
1,Ex 1 (Owl / /u/),somewhere_where,shimmer_dB,-0.00865999999999999,-0.038299999999999994,0.02963999999999999,,0.11171245402967295,,,5,where,change_from_baseline
1,Ex 1 (Owl / /u/),somewhere_where,hnr_mean,25.566000000000003,26.006,-0.44000000000000056,,-0.10725312955372338,,0.8222542730913516,5,where,raw
1,Ex 1 (Owl / /u/),somewhere_where,hnr_mean,0.9439999999999997,1.0760000000000005,-0.13200000000000073,,-0.030018752071499833,,,5,where,change_from_baseline
1,Ex 1 (Owl / /u/),somewhere_where,spectral_sd,372.894,411.726,-38.831999999999994,,-0.5274155190037771,,0.3036183571673873,5,where,raw
1,Ex 1 (Owl / /u/),somewhere_where,spectral_sd,-26.426,26.105999999999995,-52.532,,-0.504898973065498,,,5,where,change_from_baseline
1,Ex 1 (Owl / /u/),somewhere_where,intensity_mean_calibrated,104.50399999999999,105.02000000000001,-0.5160000000000025,,-0.12925257203055338,,0.7869281266637488,5,where,raw
1,Ex 1 (Owl / /u/),somewhere_where,intensity_mean_calibrated,2.430000000000001,0.22800000000000012,2.202000000000001,,0.4176062915485265,,,5,where,change_from_baseline
1,Ex 1 (Owl / /u/),somewhere_where,cpps,22.527480000000004,23.619640000000004,-1.0921599999999998,,-0.5777580960891339,,0.2659784558124178,5,where,raw
1,Ex 1 (Owl / /u/),somewhere_where,cpps,0.6950599999999995,1.4953399999999994,-0.8002800000000001,,-0.5709108274101468,,,5,where,change_from_baseline
1,Ex 1 (Owl / /u/),somewhere_where,h1_h2,1.7311,-0.07161999999999988,1.80272,,0.7157941706617381,,0.18472628618215284,5,where,raw
1,Ex 1 (Owl / /u/),somewhere_where,h1_h2,0.6567750000000001,-0.5785499999999999,1.235325,,1.0021872815763697,,,4,where,change_from_baseline
2,Ex 2 (Cat / /ae/),somewhere_some,f0_mean,259.524,259.43,0.09399999999998272,,0.025754265587417696,,0.9568385992512316,5,some,raw
2,Ex 2 (Cat / /ae/),somewhere_some,f0_mean,0.803999999999985,1.076000000000016,-0.27200000000003116,,-0.060721743876133154,,,5,some,change_from_baseline
2,Ex 2 (Cat / /ae/),somewhere_some,jitter_local,0.0032202000000000003,0.0025304,0.0006897999999999999,,0.32569333153612273,,0.5067917657511675,5,some,raw
2,Ex 2 (Cat / /ae/),somewhere_some,jitter_local,0.00032939999999999993,-0.00014859999999999998,0.000478,,0.21640263984125316,,,5,some,change_from_baseline
2,Ex 2 (Cat / /ae/),somewhere_some,shimmer_dB,0.1917,0.21946,-0.027760000000000007,,-0.5716942996177127,,0.27026418581418066,5,some,raw
2,Ex 2 (Cat / /ae/),somewhere_some,shimmer_dB,-0.04218,-0.008739999999999994,-0.033440000000000004,,-0.5549068364860429,,,5,some,change_from_baseline
2,Ex 2 (Cat / /ae/),somewhere_some,hnr_mean,23.242,23.092000000000002,0.1500000000000014,,0.06753331902894477,,0.8872780379505453,5,some,raw
2,Ex 2 (Cat / /ae/),somewhere_some,hnr_mean,0.320000000000001,-0.6380000000000002,0.9580000000000013,,0.4314015634212139,,,5,some,change_from_baseline
2,Ex 2 (Cat / /ae/),somewhere_some,spectral_sd,396.688,399.52200000000005,-2.834000000000003,,-0.06704579772723587,,0.8880841808830231,5,some,raw
2,Ex 2 (Cat / /ae/),somewhere_some,spectral_sd,27.115999999999996,14.724,12.391999999999996,,0.2035943007298801,,,5,some,change_from_baseline
2,Ex 2 (Cat / /ae/),somewhere_some,intensity_mean_calibrated,96.95,101.02000000000001,-4.0699999999999985,,-1.0396074246105422,,0.0807255056262875,5,some,raw
2,Ex 2 (Cat / /ae/),somewhere_some,intensity_mean_calibrated,1.069999999999999,2.8280000000000003,-1.7580000000000013,,-0.7226269352421696,,,5,some,change_from_baseline
2,Ex 2 (Cat / /ae/),somewhere_some,cpps,26.257479999999997,26.984859999999998,-0.7273800000000001,,-0.5928354243702552,,0.2556054128511914,5,some,raw
2,Ex 2 (Cat / /ae/),somewhere_some,cpps,0.8700000000000003,0.551720000000001,0.31827999999999934,,0.26785151956341424,,,5,some,change_from_baseline
2,Ex 2 (Cat / /ae/),somewhere_some,h1_h2,2.9928599999999994,2.26348,0.7293800000000001,,0.2240984201343659,,0.6426216667294182,5,some,raw
2,Ex 2 (Cat / /ae/),somewhere_some,h1_h2,-2.5435499999999998,-2.9558750000000003,0.4123250000000004,,0.25752253680423765,,,4,some,change_from_baseline
2,Ex 2 (Cat / /ae/),somewhere_where,f0_mean,520.8399999999999,512.5075,8.332499999999996,,0.9517443451468783,,0.15310433673118173,4,where,raw
2,Ex 2 (Cat / /ae/),somewhere_where,f0_mean,3.660000000000025,-7.697499999999977,11.357500000000002,,1.0702369698669139,,,4,where,change_from_baseline
2,Ex 2 (Cat / /ae/),somewhere_where,jitter_local,0.004496,0.0035835,0.0009125,,1.153767163429636,,0.10426606738904093,4,where,raw
2,Ex 2 (Cat / /ae/),somewhere_where,jitter_local,7.149999999999995e-05,-0.00010100000000000002,0.00017249999999999996,,0.12574813699968534,,,4,where,change_from_baseline
2,Ex 2 (Cat / /ae/),somewhere_where,shimmer_dB,0.277975,0.201375,0.0766,,1.342342847509809,,0.07475065782559062,4,where,raw
2,Ex 2 (Cat / /ae/),somewhere_where,shimmer_dB,-0.00789999999999999,-0.024399999999999998,0.016500000000000008,,0.10129322522394915,,,4,where,change_from_baseline
2,Ex 2 (Cat / /ae/),somewhere_where,hnr_mean,23.902500000000003,25.515,-1.6124999999999998,,-0.8622265250483632,,0.18309254441232908,4,where,raw
2,Ex 2 (Cat / /ae/),somewhere_where,hnr_mean,-0.15499999999999936,1.137500000000001,-1.2925000000000004,,-0.8993004509389522,,,4,where,change_from_baseline
2,Ex 2 (Cat / /ae/),somewhere_where,spectral_sd,412.62,358.9075,53.71249999999998,,0.858865638490858,,0.184343580796693,4,where,raw
2,Ex 2 (Cat / /ae/),somewhere_where,spectral_sd,6.049999999999983,-9.372499999999988,15.422499999999971,,0.7493911765795148,,,4,where,change_from_baseline
2,Ex 2 (Cat / /ae/),somewhere_where,intensity_mean_calibrated,103.895,107.37,-3.4750000000000085,,-1.394930025087871,,0.068426815310282,4,where,raw
2,Ex 2 (Cat / /ae/),somewhere_where,intensity_mean_calibrated,2.009999999999998,1.422500000000003,0.587499999999995,,0.2031317034692745,,,4,where,change_from_baseline
2,Ex 2 (Cat / /ae/),somewhere_where,cpps,22.454620000000002,23.66096,-1.2063399999999986,,-0.750966356427495,,0.16841055583992104,5,where,raw
2,Ex 2 (Cat / /ae/),somewhere_where,cpps,0.6222000000000001,1.536659999999999,-0.9144599999999989,,-0.7107863076674171,,,5,where,change_from_baseline
2,Ex 2 (Cat / /ae/),somewhere_where,h1_h2,1.1879000000000002,-1.6736200000000003,2.8615199999999996,,2.265680252191472,,0.00714933859860031,5,where,raw
2,Ex 2 (Cat / /ae/),somewhere_where,h1_h2,-0.35729999999999984,-1.8946500000000002,1.5373500000000002,,0.5920245322264026,,,4,where,change_from_baseline
3,Ex 3 (Cow / /a/),somewhere_some,f0_mean,259.23199999999997,259.704,-0.4720000000000141,,-0.09139965930953962,,0.8480375037101809,5,some,raw
3,Ex 3 (Cow / /a/),somewhere_some,f0_mean,0.5119999999999891,1.350000000000017,-0.838000000000028,,-0.18265895721191447,,,5,some,change_from_baseline
3,Ex 3 (Cow / /a/),somewhere_some,jitter_local,0.0021532,0.0023044000000000003,-0.0001512,,-0.3864591809741902,,0.4362475323026353,5,some,raw
3,Ex 3 (Cow / /a/),somewhere_some,jitter_local,-0.0007375999999999999,-0.0003746,-0.00036299999999999993,,-0.32934719220382863,,,5,some,change_from_baseline
3,Ex 3 (Cow / /a/),somewhere_some,shimmer_dB,0.18806,0.2021,-0.014040000000000002,,-0.2193735807175089,,0.6494477925171406,5,some,raw
3,Ex 3 (Cow / /a/),somewhere_some,shimmer_dB,-0.04582000000000001,-0.0261,-0.019720000000000005,,-0.2279088564965591,,,5,some,change_from_baseline
3,Ex 3 (Cow / /a/),somewhere_some,hnr_mean,24.216,23.736,0.4800000000000004,,0.2601158021466462,,0.5920141842426484,5,some,raw
3,Ex 3 (Cow / /a/),somewhere_some,hnr_mean,1.2940000000000005,0.006000000000000227,1.2880000000000003,,0.7215069236385049,,,5,some,change_from_baseline
3,Ex 3 (Cow / /a/),somewhere_some,spectral_sd,354.548,390.334,-35.786,,-0.47572785392269146,,0.34739205353454666,5,some,raw
3,Ex 3 (Cow / /a/),somewhere_some,spectral_sd,-15.024000000000001,5.536000000000001,-20.560000000000002,,-0.4686962479223025,,,5,some,change_from_baseline
3,Ex 3 (Cow / /a/),somewhere_some,intensity_mean_calibrated,96.78799999999998,100.06800000000001,-3.280000000000001,,-0.5210302081279661,,0.30873667365925084,5,some,raw
3,Ex 3 (Cow / /a/),somewhere_some,intensity_mean_calibrated,0.9079999999999984,1.8760000000000019,-0.9680000000000035,,-0.24928863506967416,,,5,some,change_from_baseline
3,Ex 3 (Cow / /a/),somewhere_some,cpps,25.84624,27.80976,-1.9635199999999997,,-1.8849885222533926,,0.013532157044066273,5,some,raw
3,Ex 3 (Cow / /a/),somewhere_some,cpps,0.4587600000000009,1.3766200000000013,-0.9178600000000003,,-0.7434426043507856,,,5,some,change_from_baseline
3,Ex 3 (Cow / /a/),somewhere_some,h1_h2,3.8943399999999997,2.85996,1.03438,,0.3469161442946078,,0.48121937462343856,5,some,raw
3,Ex 3 (Cow / /a/),somewhere_some,h1_h2,-1.5682999999999998,-2.587025,1.0187250000000003,,1.0437927256113129,,,4,some,change_from_baseline
3,Ex 3 (Cow / /a/),somewhere_where,f0_mean,517.574,517.8299999999999,-0.25599999999999457,,-0.02126324103402816,,0.9643572451179636,5,where,raw
3,Ex 3 (Cow / /a/),somewhere_where,f0_mean,-1.1499999999999773,-3.9659999999999855,2.8160000000000083,,0.29168166546143454,,,5,where,change_from_baseline
3,Ex 3 (Cow / /a/),somewhere_where,jitter_local,0.003335200000000001,0.0042328,-0.0008975999999999999,,-0.46044095188115686,,0.36138973098477295,5,where,raw
3,Ex 3 (Cow / /a/),somewhere_where,jitter_local,-0.0007348,0.0007444000000000003,-0.0014792000000000004,,-0.5018665442222643,,,5,where,change_from_baseline
3,Ex 3 (Cow / /a/),somewhere_where,shimmer_dB,0.20126000000000005,0.25544,-0.05417999999999999,,-1.1890311070276316,,0.056463642609629314,5,where,raw
3,Ex 3 (Cow / /a/),somewhere_where,shimmer_dB,-0.06793999999999997,0.0268,-0.09473999999999998,,-0.6815200732490844,,,5,where,change_from_baseline
3,Ex 3 (Cow / /a/),somewhere_where,hnr_mean,25.396000000000004,24.198,1.1980000000000004,,0.5561533427338953,,0.28155314919418967,5,where,raw
3,Ex 3 (Cow / /a/),somewhere_where,hnr_mean,0.7740000000000002,-0.732,1.5060000000000002,,0.5099629112421213,,,5,where,change_from_baseline
3,Ex 3 (Cow / /a/),somewhere_where,spectral_sd,374.27,409.81399999999996,-35.544,,-0.45515261160851656,,0.36634699648687935,5,where,raw
3,Ex 3 (Cow / /a/),somewhere_where,spectral_sd,-25.05,24.193999999999996,-49.24399999999999,,-2.0922765421208336,,,5,where,change_from_baseline
3,Ex 3 (Cow / /a/),somewhere_where,intensity_mean_calibrated,103.38199999999999,106.93800000000002,-3.556000000000003,,-0.8702696608421168,,0.12352566134648568,5,where,raw
3,Ex 3 (Cow / /a/),somewhere_where,intensity_mean_calibrated,1.3080000000000012,2.146000000000001,-0.8379999999999995,,-0.17739325685822405,,,5,where,change_from_baseline
3,Ex 3 (Cow / /a/),somewhere_where,cpps,22.020059999999997,23.302,-1.28194,,-0.7611803435274329,,0.16396041344263834,5,where,raw
3,Ex 3 (Cow / /a/),somewhere_where,cpps,0.18763999999999897,1.1776999999999993,-0.9900600000000004,,-0.3375173594657486,,,5,where,change_from_baseline
3,Ex 3 (Cow / /a/),somewhere_where,h1_h2,-1.7680999999999998,-2.3460666666666667,0.5779666666666667,,0.22612172157873606,,0.7331044995123247,3,where,raw
3,Ex 3 (Cow / /a/),somewhere_where,h1_h2,-1.9477666666666664,-0.5867333333333332,-1.361033333333333,,-0.36099612287127936,,,3,where,change_from_baseline
