participant,session,condition,pitch_target,segment_type,preceding_exercise,temporal_position,cumulative_blocks,f0_mean_baseline,f0_mean_post,f0_mean_change,f0_sd_baseline,f0_sd_post,f0_sd_change,jitter_local_baseline,jitter_local_post,jitter_local_change,shimmer_local_baseline,shimmer_local_post,shimmer_local_change,shimmer_dB_baseline,shimmer_dB_post,shimmer_dB_change,hnr_mean_baseline,hnr_mean_post,hnr_mean_change,intensity_mean_calibrated_baseline,intensity_mean_calibrated_post,intensity_mean_calibrated_change,cog_baseline,cog_post,cog_change,spectral_sd_baseline,spectral_sd_post,spectral_sd_change,skewness_baseline,skewness_post,skewness_change,kurtosis_baseline,kurtosis_post,kurtosis_change
P1,A,animal,some,somewhere_post_ex1,owl/u,1,1,260.67,260.93,0.2599999999999909,3.73,3.35,-0.3799999999999999,0.002696,0.003409,0.0007130000000000001,0.02116,0.019701,-0.001459000000000002,0.1825,0.1819,-0.0005999999999999894,21.22,20.39,-0.8299999999999983,96.83,96.58,-0.25,585.29,614.15,28.860000000000014,403.56,421.69,18.129999999999995,8.242,6.6692,-1.5728000000000009,232.2306,162.1845,-70.0461
P1,A,animal,some,somewhere_post_ex2,cat/ae,2,2,260.67,261.07,0.39999999999997726,3.73,3.35,-0.3799999999999999,0.002696,0.002578,-0.00011800000000000005,0.02116,0.01747,-0.0036900000000000023,0.1825,0.1476,-0.03489999999999999,21.22,23.12,1.9000000000000021,96.83,95.81,-1.019999999999996,585.29,573.83,-11.459999999999923,403.56,438.96,35.39999999999998,8.242,7.5746,-0.6674000000000007,232.2306,172.4097,-59.82090000000002
P1,A,animal,some,somewhere_post_ex3,cow/a,3,3,260.67,259.46,-1.2100000000000364,3.73,4.3,0.5699999999999998,0.002696,0.00275,5.3999999999999795e-05,0.02116,0.017825,-0.003335000000000001,0.1825,0.1565,-0.025999999999999995,21.22,20.41,-0.8099999999999987,96.83,96.57,-0.2600000000000051,585.29,555.7,-29.589999999999918,403.56,385.97,-17.589999999999975,8.242,7.0788,-1.1632000000000007,232.2306,191.513,-40.717600000000004
P1,B,human,some,somewhere_post_ex1,owl/u,1,1,260.55,262.96,2.409999999999968,2.59,2.99,0.40000000000000036,0.004424,0.003439,-0.0009849999999999998,0.027204,0.018651,-0.008552999999999998,0.2849,0.1574,-0.12749999999999997,20.39,22.68,2.289999999999999,98.69,97.07,-1.6200000000000045,623.29,544.05,-79.24000000000001,424.65,417.68,-6.96999999999997,6.908,7.8948,0.9867999999999997,143.2122,190.0512,46.839
P1,B,human,some,somewhere_post_ex2,cat/ae,2,2,260.55,257.87,-2.680000000000007,2.59,3.43,0.8400000000000003,0.004424,0.002992,-0.0014320000000000001,0.027204,0.024797,-0.0024069999999999994,0.2849,0.2416,-0.04329999999999998,20.39,21.34,0.9499999999999993,98.69,98.94,0.25,623.29,566.83,-56.45999999999992,424.65,394.19,-30.45999999999998,6.908,8.3838,1.4758000000000004,143.2122,232.0848,88.8726
P1,B,human,some,somewhere_post_ex3,cow/a,3,3,260.55,260.99,0.4399999999999977,2.59,4.88,2.29,0.004424,0.003003,-0.001421,0.027204,0.019576,-0.007627999999999999,0.2849,0.1846,-0.1003,20.39,19.83,-0.5600000000000023,98.69,98.86,0.1700000000000017,623.29,590.92,-32.370000000000005,424.65,420.42,-4.229999999999961,6.908,6.2863,-0.6217000000000006,143.2122,140.0003,-3.2118999999999858
P2,A,animal,some,somewhere_post_ex1,owl/u,1,1,261.14,263.34,2.1999999999999886,3.92,3.01,-0.9100000000000001,0.002907,0.003196,0.0002890000000000002,0.015519,0.017321,0.0018019999999999998,0.1449,0.1753,0.03040000000000001,24.71,23.96,-0.75,91.84,99.14,7.299999999999997,706.36,756.19,49.83000000000004,380.65,338.42,-42.22999999999996,6.4564,4.4535,-2.0029000000000003,212.8433,139.5963,-73.24699999999999
P2,A,animal,some,somewhere_post_ex3,cow/a,2,2,261.14,259.96,-1.1800000000000068,3.92,2.35,-1.5699999999999998,0.002907,0.002357,-0.0005499999999999997,0.015519,0.016269,0.0007499999999999989,0.1449,0.1613,0.016399999999999998,24.71,25.67,0.9600000000000009,91.84,95.02,3.1799999999999926,706.36,690.25,-16.110000000000014,380.65,344.81,-35.839999999999975,6.4564,7.1625,0.7060999999999993,212.8433,279.2001,66.35680000000002
P2,A,animal,some,somewhere_post_ex2,cat/ae,3,3,261.14,261.32,0.18000000000000682,3.92,4.17,0.25,0.002907,0.006515,0.003608,0.015519,0.016724,0.0012049999999999995,0.1449,0.1461,0.0012000000000000066,24.71,21.26,-3.4499999999999993,91.84,97.26,5.420000000000002,706.36,740.09,33.73000000000002,380.65,346.13,-34.51999999999998,6.4564,4.8569,-1.5995,212.8433,161.9116,-50.931700000000006
P2,B,human,some,somewhere_post_ex3,cow/a,1,1,260.08,266.54,6.460000000000036,2.38,1.94,-0.43999999999999995,0.002007,0.002274,0.0002669999999999999,0.014466,0.01205,-0.0024159999999999997,0.1495,0.1217,-0.02779999999999999,26.63,26.73,0.10000000000000142,95.1,93.87,-1.2299999999999898,721.21,729.46,8.25,382.44,360.04,-22.399999999999977,7.5819,7.7844,0.20249999999999968,300.4673,344.6934,44.226099999999974
P2,B,human,some,somewhere_post_ex2,cat/ae,2,2,260.08,266.93,6.850000000000023,2.38,3.43,1.0500000000000003,0.002007,0.002236,0.00022900000000000004,0.014466,0.014395,-7.099999999999988e-05,0.1495,0.1244,-0.025099999999999997,26.63,24.61,-2.0199999999999996,95.1,98.37,3.2700000000000102,721.21,681.59,-39.620000000000005,382.44,410.98,28.54000000000002,7.5819,13.9031,6.3212,300.4673,503.3847,202.9174
P2,B,human,some,somewhere_post_ex1,owl/u,3,3,260.08,266.03,5.949999999999989,2.38,3.09,0.71,0.002007,0.001702,-0.00030500000000000015,0.014466,0.012497,-0.0019690000000000003,0.1495,0.122,-0.027499999999999997,26.63,25.74,-0.8900000000000006,95.1,94.42,-0.6799999999999926,721.21,705.9,-15.31000000000006,382.44,344.05,-38.389999999999986,7.5819,12.8651,5.2832,300.4673,572.6701,272.2028
P3,A,animal,some,somewhere_post_ex2,cat/ae,1,1,256.19,258.82,2.6299999999999955,7.14,7.52,0.3799999999999999,0.002856,0.001906,-0.0009500000000000001,0.034017,0.022456,-0.011560999999999998,0.3377,0.2643,-0.07340000000000002,22.13,24.29,2.16,96.66,97.11,0.45000000000000284,659.92,717.25,57.33000000000004,432.36,366.66,-65.69999999999999,8.5316,7.4316,-1.0999999999999988,228.2917,254.6018,26.310100000000006
P3,A,animal,some,somewhere_post_ex3,cow/a,2,2,256.19,259.11,2.920000000000016,7.14,2.17,-4.97,0.002856,0.001722,-0.001134,0.034017,0.027197,-0.00682,0.3377,0.3172,-0.020500000000000018,22.13,25.09,2.960000000000001,96.66,97.58,0.9200000000000017,659.92,678.03,18.110000000000014,432.36,364.87,-67.49000000000001,8.5316,9.642,1.1104000000000003,228.2917,300.9524,72.66070000000002
P3,A,animal,some,somewhere_post_ex1,owl/u,3,3,256.19,255.81,-0.37999999999999545,7.14,2.85,-4.289999999999999,0.002856,0.002205,-0.0006510000000000001,0.034017,0.018481,-0.015535999999999998,0.3377,0.1608,-0.1769,22.13,24.26,2.1300000000000026,96.66,95.33,-1.3299999999999983,659.92,630.17,-29.75,432.36,418.38,-13.980000000000018,8.5316,9.6089,1.077300000000001,228.2917,280.5958,52.304100000000005
P3,B,human,some,somewhere_post_ex3,cow/a,1,1,258.09,262.31,4.220000000000027,4.83,6.05,1.2199999999999998,0.001726,0.001321,-0.0004050000000000002,0.024245,0.021498,-0.0027469999999999994,0.2869,0.2652,-0.021699999999999997,25.16,26.78,1.620000000000001,97.07,98.69,1.6200000000000045,673.9,682.03,8.129999999999995,402.79,383.26,-19.53000000000003,6.8628,9.4236,2.5608000000000004,220.1755,304.7345,84.55900000000003
P3,B,human,some,somewhere_post_ex1,owl/u,2,2,258.09,256.24,-1.849999999999966,4.83,2.17,-2.66,0.001726,0.001812,8.599999999999992e-05,0.024245,0.021643,-0.002602,0.2869,0.2961,0.009199999999999986,25.16,25.64,0.4800000000000004,97.07,96.58,-0.4899999999999949,673.9,698.76,24.860000000000014,402.79,379.29,-23.5,6.8628,6.4107,-0.4520999999999997,220.1755,242.0087,21.833200000000005
P3,B,human,some,somewhere_post_ex2,cat/ae,3,3,258.09,255.91,-2.1799999999999784,4.83,3.95,-0.8799999999999999,0.001726,0.002814,0.001088,0.024245,0.025329,0.0010840000000000016,0.2869,0.2594,-0.02749999999999997,25.16,24.99,-0.1700000000000017,97.07,99.86,2.7900000000000063,673.9,665.55,-8.350000000000023,402.79,374.59,-28.200000000000045,6.8628,6.24,-0.6227999999999998,220.1755,205.4843,-14.69120000000001
P4,A,animal,some,somewhere_post_ex3,cow/a,1,1,257.19,258.11,0.9200000000000159,3.01,2.96,-0.04999999999999982,0.002526,0.001719,-0.000807,0.030153,0.019085,-0.011067999999999998,0.3348,0.1682,-0.1666,23.38,24.66,1.2800000000000011,97.29,97.68,0.39000000000000057,643.97,629.3,-14.670000000000073,341.94,340.83,-1.1100000000000136,6.3696,10.5081,4.1385000000000005,224.5655,359.1113,134.54580000000004
P4,A,animal,some,somewhere_post_ex1,owl/u,2,2,257.19,261.59,4.399999999999977,3.01,3.45,0.4400000000000004,0.002526,0.002722,0.000196,0.030153,0.016365,-0.013787999999999998,0.3348,0.1424,-0.1924,23.38,26.64,3.2600000000000016,97.29,90.8,-6.490000000000009,643.97,478.44,-165.53000000000003,341.94,345.33,3.3899999999999864,6.3696,11.4955,5.1259,224.5655,484.5777,260.0122
P4,A,animal,some,somewhere_post_ex2,cat/ae,3,3,257.19,254.01,-3.180000000000007,3.01,2.71,-0.2999999999999998,0.002526,0.002868,0.00034199999999999986,0.030153,0.025326,-0.004826999999999998,0.3348,0.2803,-0.05449999999999999,23.38,23.51,0.13000000000000256,97.29,96.36,-0.9300000000000068,643.97,654.59,10.620000000000005,341.94,348.64,6.699999999999989,6.3696,6.4142,0.04459999999999997,224.5655,229.0024,4.4369000000000085
P4,B,human,some,somewhere_post_ex1,owl/u,1,1,254.97,248.91,-6.060000000000002,3.68,5.28,1.6,0.002768,0.002496,-0.0002720000000000001,0.035667,0.027785,-0.007881999999999997,0.3164,0.2906,-0.02579999999999999,21.38,19.26,-2.1199999999999974,105.09,101.81,-3.280000000000001,704.56,789.33,84.7700000000001,338.68,316.77,-21.910000000000025,8.0938,7.769,-0.32479999999999976,280.1473,338.2154,58.068100000000015
P4,B,human,some,somewhere_post_ex2,cat/ae,2,2,254.97,252.77,-2.1999999999999886,3.68,3.01,-0.6700000000000004,0.002768,0.001953,-0.000815,0.035667,0.021514,-0.014152999999999999,0.3164,0.2895,-0.026900000000000035,21.38,22.45,1.0700000000000003,105.09,107.3,2.2099999999999937,704.56,834.3,129.74,338.68,321.49,-17.189999999999998,8.0938,4.3441,-3.7497,280.1473,133.5111,-146.63619999999997
P4,B,human,some,somewhere_post_ex3,cow/a,3,3,254.97,251.2,-3.7700000000000102,3.68,3.5,-0.18000000000000016,0.002768,0.002275,-0.000493,0.035667,0.02266,-0.013006999999999998,0.3164,0.2761,-0.0403,21.38,22.46,1.0800000000000018,105.09,111.98,6.890000000000001,704.56,840.85,136.29000000000008,338.68,293.46,-45.22000000000003,8.0938,4.2711,-3.8227,280.1473,123.1411,-157.00619999999998
P5,A,animal,some,somewhere_post_ex3,cow/a,1,1,258.41,259.52,1.1099999999999568,9.95,4.24,-5.709999999999999,0.003469,0.002218,-0.001251,0.019983,0.016437,-0.0035460000000000005,0.1695,0.1371,-0.03240000000000001,23.17,25.25,2.0799999999999983,96.78,97.09,0.3100000000000023,327.13,441.83,114.69999999999999,289.35,336.26,46.90999999999997,24.1683,10.9145,-13.253799999999998,1096.4966,456.6421,-639.8544999999999
P5,A,animal,some,somewhere_post_ex2,cat/ae,2,2,258.41,262.4,3.9899999999999523,9.95,10.79,0.8399999999999999,0.003469,0.002234,-0.001235,0.019983,0.014327,-0.005656000000000001,0.1695,0.1202,-0.04930000000000001,23.17,24.03,0.8599999999999994,96.78,98.21,1.4299999999999926,327.13,589.08,261.95000000000005,289.35,483.05,193.7,24.1683,5.8796,-18.2887,1096.4966,133.6779,-962.8186999999999
P5,A,animal,some,somewhere_post_ex1,owl/u,3,3,258.41,261.85,3.4399999999999977,9.95,7.83,-2.119999999999999,0.003469,0.003417,-5.199999999999996e-05,0.019983,0.026597,0.006613999999999998,0.1695,0.2567,0.08719999999999997,23.17,22.22,-0.9500000000000028,96.78,104.78,8.0,327.13,636.27,309.14,289.35,496.78,207.42999999999995,24.1683,8.5532,-15.615099999999998,1096.4966,203.4288,-893.0677999999999
P5,B,human,some,somewhere_post_ex3,cow/a,1,1,258.08,257.48,-0.5999999999999659,4.32,9.19,4.869999999999999,0.00247,0.002649,0.0001789999999999999,0.012009,0.016702,0.004693000000000001,0.1033,0.1629,0.059599999999999986,25.09,22.88,-2.210000000000001,95.01,96.94,1.9299999999999926,415.89,573.29,157.39999999999998,375.43,494.49,119.06,12.353,7.8165,-4.5365,433.6339,164.5695,-269.0644
P5,B,human,some,somewhere_post_ex1,owl/u,2,2,258.08,260.3,2.2200000000000273,4.32,7.88,3.5599999999999996,0.00247,0.002386,-8.399999999999987e-05,0.012009,0.014149,0.0021399999999999995,0.1033,0.1196,0.016299999999999995,25.09,25.57,0.4800000000000004,95.01,96.72,1.7099999999999937,415.89,526.4,110.50999999999999,375.43,428.24,52.81,12.353,7.3435,-5.0095,433.6339,187.0552,-246.57869999999997
P5,B,human,some,somewhere_post_ex2,cat/ae,3,3,258.08,263.67,5.590000000000032,4.32,12.89,8.57,0.00247,0.002657,0.0001870000000000001,0.012009,0.017644,0.005634999999999999,0.1033,0.1824,0.0791,25.09,22.07,-3.0199999999999996,95.01,100.63,5.61999999999999,415.89,623.3,207.40999999999997,375.43,496.36,120.93,12.353,5.8033,-6.5497,433.6339,99.4069,-334.227
P1,A,animal,where,somewhere_post_ex1,owl/u,1,1,519.15,526.47,7.32000000000005,6.0,4.88,-1.12,0.00287,0.00376,0.0008899999999999997,0.021078,0.022658,0.0015800000000000015,0.1978,0.2024,0.004599999999999993,26.53,25.31,-1.2200000000000024,104.42,105.53,1.1099999999999994,983.55,983.01,-0.5399999999999636,300.47,335.63,35.15999999999997,9.4979,9.4863,-0.01159999999999961,402.8548,346.5144,-56.34039999999999
P1,A,animal,where,somewhere_post_ex2,cat/ae,2,2,519.15,520.32,1.1700000000000728,6.0,9.78,3.7799999999999994,0.00287,0.003338,0.00046799999999999967,0.021078,0.021476,0.00039799999999999905,0.1978,0.1933,-0.004500000000000004,26.53,25.76,-0.7699999999999996,104.42,105.13,0.7099999999999937,983.55,1004.67,21.120000000000005,300.47,299.88,-0.5900000000000318,9.4979,8.9795,-0.5183999999999997,402.8548,346.9788,-55.87600000000003
P1,A,animal,where,somewhere_post_ex3,cow/a,3,3,519.15,520.0,0.8500000000000227,6.0,8.36,2.3599999999999994,0.00287,0.003575,0.0007049999999999999,0.021078,0.022558,0.0014800000000000021,0.1978,0.2005,0.002700000000000008,26.53,24.94,-1.5899999999999999,104.42,105.65,1.230000000000004,983.55,956.8,-26.75,300.47,329.23,28.75999999999999,9.4979,7.7567,-1.7411999999999992,402.8548,273.2153,-129.6395
P1,B,human,where,somewhere_post_ex1,owl/u,1,1,525.09,521.14,-3.9500000000000455,6.51,7.34,0.8300000000000001,0.003381,0.003206,-0.0001749999999999998,0.02238,0.028311,0.005930999999999999,0.2441,0.2533,0.009200000000000014,24.83,25.42,0.5900000000000034,107.29,106.81,-0.480000000000004,998.34,987.7,-10.639999999999986,316.94,372.89,55.94999999999999,13.0209,12.354,-0.6669,552.265,440.654,-111.61099999999999
P1,B,human,where,somewhere_post_ex2,cat/ae,2,2,525.09,509.71,-15.380000000000052,6.51,10.52,4.01,0.003381,0.003271,-0.00010999999999999985,0.02238,0.021541,-0.0008389999999999995,0.2441,0.2007,-0.04340000000000002,24.83,26.05,1.2200000000000024,107.29,105.18,-2.1099999999999994,998.34,963.53,-34.81000000000006,316.94,318.23,1.2900000000000205,13.0209,14.2693,1.2484000000000002,552.265,652.3612,100.09620000000007
P1,B,human,where,somewhere_post_ex3,cow/a,3,3,525.09,521.12,-3.9700000000000273,6.51,4.96,-1.5499999999999998,0.003381,0.002875,-0.0005059999999999999,0.02238,0.027634,0.005253999999999998,0.2441,0.2495,0.005399999999999988,24.83,25.37,0.5400000000000027,107.29,109.65,2.3599999999999994,998.34,1023.36,25.019999999999982,316.94,357.52,40.579999999999984,13.0209,10.857,-2.1639,552.265,365.4068,-186.8582
P2,A,animal,where,somewhere_post_ex1,owl/u,1,1,517.9,532.16,14.259999999999991,5.13,7.16,2.0300000000000002,0.006214,0.003748,-0.002466,0.056405,0.036505,-0.019899999999999994,0.5437,0.3168,-0.22689999999999994,19.29,21.97,2.6799999999999997,92.88,102.21,9.329999999999998,946.89,908.37,-38.51999999999998,549.34,455.82,-93.52000000000004,7.7639,6.7358,-1.0280999999999993,169.4297,156.9782,-12.45150000000001
P2,A,animal,where,somewhere_post_ex3,cow/a,2,2,517.9,521.26,3.3600000000000136,5.13,7.62,2.49,0.006214,0.0049,-0.001314,0.056405,0.036617,-0.019788,0.5437,0.3231,-0.22059999999999996,19.29,22.32,3.030000000000001,92.88,96.86,3.980000000000004,946.89,795.87,-151.01999999999998,549.34,495.8,-53.54000000000002,7.7639,7.9475,0.1836000000000002,169.4297,175.8873,6.4576000000000136
P2,A,animal,where,somewhere_post_ex2,cat/ae,3,3,517.9,527.3,9.399999999999977,5.13,8.74,3.6100000000000003,0.006214,0.008147,0.0019329999999999998,0.056405,0.050451,-0.005953999999999994,0.5437,0.4405,-0.10319999999999996,19.29,18.44,-0.8499999999999979,92.88,99.32,6.439999999999998,946.89,905.62,-41.26999999999998,549.34,606.91,57.569999999999936,7.7639,5.7036,-2.0603,169.4297,92.042,-77.3877
P2,B,human,where,somewhere_post_ex3,cow/a,1,1,517.77,529.64,11.870000000000005,5.6,7.71,2.1100000000000003,0.003755,0.008876,0.0051210000000000006,0.023755,0.03672,0.012965000000000004,0.2054,0.321,0.11560000000000001,23.14,22.04,-1.1000000000000014,100.56,99.1,-1.460000000000008,887.37,887.12,-0.25,413.16,428.58,15.419999999999959,8.9313,8.8052,-0.126100000000001,258.967,240.935,-18.031999999999982
P2,B,human,where,somewhere_post_ex2,cat/ae,2,2,517.77,531.45,13.680000000000064,5.6,3.42,-2.1799999999999997,0.003755,0.007285,0.0035299999999999997,0.023755,0.035831,0.012076000000000003,0.2054,0.3215,0.11610000000000001,23.14,22.59,-0.5500000000000007,100.56,103.93,3.3700000000000045,887.37,899.06,11.68999999999994,413.16,473.61,60.44999999999999,8.9313,8.4903,-0.4410000000000007,258.967,194.0204,-64.94659999999999
P2,B,human,where,somewhere_post_ex1,owl/u,3,3,517.77,536.16,18.389999999999986,5.6,4.56,-1.04,0.003755,0.006637,0.0028819999999999996,0.023755,0.028022,0.004267,0.2054,0.2591,0.0537,23.14,23.79,0.6499999999999986,100.56,98.64,-1.9200000000000017,887.37,935.53,48.15999999999997,413.16,502.0,88.83999999999997,8.9313,5.5391,-3.3922,258.967,124.1246,-134.8424
P3,A,animal,where,somewhere_post_ex2,cat/ae,1,1,512.17,521.02,8.850000000000023,6.73,4.64,-2.0900000000000007,0.00361,0.003566,-4.399999999999977e-05,0.023155,0.026799,0.0036440000000000014,0.2033,0.2346,0.031299999999999994,25.81,25.82,0.010000000000001563,107.78,107.64,-0.14000000000000057,925.61,971.93,46.319999999999936,365.4,325.63,-39.76999999999998,8.0846,9.4204,1.3358000000000008,292.17,395.2383,103.06829999999997
P3,A,animal,where,somewhere_post_ex3,cow/a,2,2,512.17,512.38,0.21000000000003638,6.73,9.74,3.01,0.00361,0.002266,-0.0013440000000000001,0.023155,0.019641,-0.0035139999999999998,0.2033,0.1729,-0.03040000000000001,25.81,26.54,0.7300000000000004,107.78,109.41,1.6299999999999955,925.61,974.06,48.44999999999993,365.4,351.76,-13.639999999999986,8.0846,8.9304,0.8458000000000006,292.17,318.9233,26.753299999999967
P3,A,animal,where,somewhere_post_ex1,owl/u,3,3,512.17,528.4,16.230000000000018,6.73,11.78,5.049999999999999,0.00361,0.003275,-0.0003349999999999998,0.023155,0.021359,-0.001795999999999999,0.2033,0.1896,-0.013700000000000018,25.81,25.28,-0.5299999999999976,107.78,106.98,-0.7999999999999972,925.61,978.05,52.43999999999994,365.4,390.98,25.58000000000004,8.0846,7.7986,-0.2859999999999996,292.17,279.5497,-12.620300000000043
P3,B,human,where,somewhere_post_ex3,cow/a,1,1,520.65,524.27,3.6200000000000045,6.32,11.16,4.84,0.003331,0.003401,6.999999999999975e-05,0.02998,0.026871,-0.0031090000000000007,0.2532,0.2316,-0.02159999999999998,24.73,24.54,-0.19000000000000128,108.22,107.76,-0.45999999999999375,969.73,954.97,-14.759999999999991,359.2,388.19,28.99000000000001,10.4313,10.6771,0.24579999999999913,404.4845,384.8637,-19.62080000000003
P3,B,human,where,somewhere_post_ex1,owl/u,2,2,520.65,519.0,-1.6499999999999773,6.32,6.88,0.5599999999999996,0.003331,0.00233,-0.0010010000000000002,0.02998,0.016991,-0.012989,0.2532,0.1477,-0.10549999999999998,24.73,26.98,2.25,108.22,109.79,1.5700000000000074,969.73,982.51,12.779999999999973,359.2,308.24,-50.95999999999998,10.4313,13.5601,3.1288,404.4845,604.0701,199.5856
P3,B,human,where,somewhere_post_ex2,cat/ae,3,3,520.65,510.49,-10.159999999999968,6.32,6.5,0.17999999999999972,0.003331,0.00159,-0.0017410000000000001,0.02998,0.016273,-0.013707,0.2532,0.1422,-0.11099999999999999,24.73,27.71,2.9800000000000004,108.22,111.04,2.8200000000000074,969.73,967.55,-2.1800000000000637,359.2,285.11,-74.08999999999997,10.4313,10.1418,-0.2895000000000003,404.4845,459.2011,54.71659999999997
P4,A,animal,where,somewhere_post_ex3,cow/a,1,1,519.5,517.39,-2.1100000000000136,8.05,12.87,4.8199999999999985,0.005004,0.003314,-0.0016899999999999997,0.022948,0.017793,-0.005155,0.1987,0.163,-0.03569999999999998,24.6,25.46,0.8599999999999994,102.46,102.61,0.15000000000000568,800.7,735.62,-65.08000000000004,411.07,339.48,-71.58999999999997,8.4952,10.7933,2.2981,283.0281,411.4972,128.46910000000003
P4,A,animal,where,somewhere_post_ex1,owl/u,2,2,519.5,506.66,-12.839999999999975,8.05,12.24,4.1899999999999995,0.005004,0.001526,-0.0034779999999999998,0.022948,0.01237,-0.010577999999999999,0.1987,0.1157,-0.08299999999999999,24.6,30.81,6.209999999999997,102.46,100.42,-2.039999999999992,800.7,660.01,-140.69000000000005,411.07,305.48,-105.58999999999997,8.4952,6.8433,-1.6519000000000004,283.0281,274.9816,-8.04649999999998
P4,A,animal,where,somewhere_post_ex2,cat/ae,3,3,519.5,514.72,-4.779999999999973,8.05,12.12,4.0699999999999985,0.005004,0.002933,-0.002071,0.022948,0.029286,0.006338,0.1987,0.2435,0.044800000000000006,24.6,25.59,0.9899999999999984,102.46,103.49,1.0300000000000011,800.7,911.66,110.95999999999992,411.07,418.06,6.990000000000009,8.4952,5.4912,-3.0040000000000004,283.0281,170.8695,-112.1586
P4,B,human,where,somewhere_post_ex1,owl/u,1,1,517.31,513.13,-4.17999999999995,6.09,9.39,3.3000000000000007,0.004271,0.003534,-0.0007369999999999998,0.022711,0.024098,0.0013870000000000028,0.2004,0.2116,0.011200000000000015,24.81,24.57,-0.23999999999999844,107.72,105.96,-1.7600000000000051,760.52,892.36,131.84000000000003,383.82,410.67,26.850000000000023,10.641,4.6294,-6.0116,381.9334,133.8515,-248.08190000000002
P4,B,human,where,somewhere_post_ex2,cat/ae,2,2,517.31,498.38,-18.92999999999995,6.09,14.26,8.17,0.004271,0.002188,-0.0020829999999999998,0.022711,0.016402,-0.006308999999999999,0.2004,0.1411,-0.05929999999999999,24.81,25.71,0.9000000000000021,107.72,109.33,1.6099999999999994,760.52,910.96,150.44000000000005,383.82,358.68,-25.139999999999986,10.641,6.4982,-4.1428,381.9334,226.9526,-154.98080000000002
P4,B,human,where,somewhere_post_ex3,cow/a,3,3,517.31,498.25,-19.059999999999945,6.09,11.05,4.960000000000001,0.004271,0.002447,-0.0018239999999999997,0.022711,0.024223,0.001512000000000003,0.2004,0.204,0.003599999999999992,24.81,25.93,1.120000000000001,107.72,112.31,4.590000000000003,760.52,876.92,116.39999999999998,383.82,367.04,-16.779999999999973,10.641,6.6475,-3.9935,381.9334,233.7613,-148.1721
P5,A,animal,where,somewhere_post_ex3,cow/a,1,1,524.9,516.84,-8.059999999999945,4.13,11.06,6.930000000000001,0.002652,0.002621,-3.099999999999978e-05,0.023115,0.016696,-0.006419000000000001,0.2025,0.1468,-0.0557,26.88,27.72,0.8399999999999999,102.83,102.38,-0.45000000000000284,726.61,702.17,-24.440000000000055,370.32,355.08,-15.240000000000009,6.7876,7.4243,0.6366999999999994,220.2143,264.6323,44.41799999999998
P5,A,animal,where,somewhere_post_ex2,cat/ae,2,2,524.9,527.72,2.82000000000005,4.13,9.96,5.830000000000001,0.002652,0.001946,-0.0007059999999999998,0.023115,0.030197,0.0070820000000000015,0.2025,0.2845,0.08199999999999996,26.88,26.14,-0.7399999999999984,102.83,104.62,1.7900000000000063,726.61,721.76,-4.850000000000023,370.32,391.95,21.629999999999995,6.7876,5.6886,-1.0990000000000002,220.2143,159.5753,-60.63900000000001
P5,A,animal,where,somewhere_post_ex1,owl/u,3,3,524.9,525.31,0.40999999999996817,4.13,4.73,0.6000000000000005,0.002652,0.004793,0.0021410000000000005,0.023115,0.054305,0.03119,0.2025,0.4782,0.2757,26.88,24.46,-2.419999999999998,102.83,107.38,4.549999999999997,726.61,710.7,-15.909999999999968,370.32,376.56,6.240000000000009,6.7876,7.9609,1.1732999999999993,220.2143,225.9803,5.765999999999991
P5,B,human,where,somewhere_post_ex3,cow/a,1,1,528.16,515.87,-12.289999999999964,5.58,6.5,0.9199999999999999,0.002704,0.003565,0.0008610000000000002,0.020956,0.029465,0.008509000000000003,0.2401,0.2711,0.031,27.14,23.11,-4.030000000000001,100.17,105.87,5.700000000000003,804.65,923.08,118.43000000000006,454.98,507.74,52.75999999999999,3.2223,2.6104,-0.6119000000000003,57.9352,32.0247,-25.9105
P5,B,human,where,somewhere_post_ex1,owl/u,2,2,528.16,530.11,1.9500000000000455,5.58,14.98,9.4,0.002704,0.001107,-0.001597,0.020956,0.008733,-0.012223,0.2401,0.08,-0.16010000000000002,27.14,29.27,2.129999999999999,100.17,103.9,3.730000000000004,804.65,811.29,6.639999999999986,454.98,464.83,9.849999999999966,3.2223,2.6264,-0.5959000000000003,57.9352,40.236,-17.699200000000005
P5,B,human,where,somewhere_post_ex2,cat/ae,3,3,,,,,,,,,,,,,,,,,,,,,,,,,,,,,,,,,
