participant,exercise_num,exercise_label,session,condition,stage,stage_order,n_tokens,f0_mean,jitter_local,shimmer_dB,hnr_mean,spectral_sd,intensity_mean_calibrated,cpps,h1_h2
P1,1,Ex 1 (Owl / /u/),A,animal,mimic,0,4,568.9399999999999,0.0017582499999999998,0.116575,28.9425,294.3575,108.92750000000001,20.488474999999998,4.31315
P1,1,Ex 1 (Owl / /u/),A,animal,exercise,1,5,592.326,0.0015458000000000002,0.09858,32.79,301.188,104.39000000000001,21.29136,4.40388
P1,1,Ex 1 (Owl / /u/),A,animal,somewhere_some,2,1,260.93,0.003409,0.1819,20.39,421.69,96.58,27.5315,1.5376
P1,1,Ex 1 (Owl / /u/),A,animal,somewhere_where,2,1,526.47,0.00376,0.2024,25.31,335.63,105.53,24.558,-5.0219
P1,1,Ex 1 (Owl / /u/),A,animal,baseline_some,-1,1,260.67,0.002696,0.1825,21.22,403.56,96.83,27.8829,2.013
P1,1,Ex 1 (Owl / /u/),A,animal,baseline_where,-1,1,519.15,0.00287,0.1978,26.53,300.47,104.42,23.8393,-5.1814
P1,1,Ex 1 (Owl / /u/),B,human,mimic,0,5,564.3219999999999,0.002734,0.21425999999999998,27.758,321.59799999999996,83.112,15.759359999999997,4.4363
P1,1,Ex 1 (Owl / /u/),B,human,exercise,1,5,588.2040000000001,0.0019514,0.1109,32.848,281.05800000000005,97.542,19.31,6.989099999999999
P1,1,Ex 1 (Owl / /u/),B,human,somewhere_some,2,1,262.96,0.003439,0.1574,22.68,417.68,97.07,26.8087,5.629
P1,1,Ex 1 (Owl / /u/),B,human,somewhere_where,2,1,521.14,0.003206,0.2533,25.42,372.89,106.81,23.56,-5.3607
P1,1,Ex 1 (Owl / /u/),B,human,baseline_some,-1,1,260.55,0.004424,0.2849,20.39,424.65,98.69,26.2087,4.0895
P1,1,Ex 1 (Owl / /u/),B,human,baseline_where,-1,1,525.09,0.003381,0.2441,24.83,316.94,107.29,22.5955,-5.8757
P1,2,Ex 2 (Cat / /ae/),A,animal,mimic,0,5,445.16399999999993,0.0057438,0.29484,14.951999999999998,734.322,78.298,18.276020000000003,3.37218
P1,2,Ex 2 (Cat / /ae/),A,animal,exercise,1,4,438.715,0.00312675,0.185875,22.9225,444.9075,96.93249999999999,23.950925,-0.8196500000000001
P1,2,Ex 2 (Cat / /ae/),A,animal,somewhere_some,2,1,261.07,0.002578,0.1476,23.12,438.96,95.81,27.6855,-0.8121
P1,2,Ex 2 (Cat / /ae/),A,animal,somewhere_where,2,1,520.32,0.003338,0.1933,25.76,299.88,105.13,23.888,-6.4779
P1,2,Ex 2 (Cat / /ae/),A,animal,baseline_some,-1,1,260.67,0.002696,0.1825,21.22,403.56,96.83,27.8829,2.013
P1,2,Ex 2 (Cat / /ae/),A,animal,baseline_where,-1,1,519.15,0.00287,0.1978,26.53,300.47,104.42,23.8393,-5.1814
P1,2,Ex 2 (Cat / /ae/),B,human,mimic,0,6,453.26500000000004,0.004517333333333332,0.2523166666666667,18.16333333333333,411.92333333333335,94.84499999999998,22.046133333333334,-7.002133333333333
P1,2,Ex 2 (Cat / /ae/),B,human,exercise,1,5,438.32399999999996,0.0029205999999999998,0.22856,23.706000000000003,345.38800000000003,99.37599999999999,22.97012,-6.649119999999999
P1,2,Ex 2 (Cat / /ae/),B,human,somewhere_some,2,1,257.87,0.002992,0.2416,21.34,394.19,98.94,26.3451,0.5618
P1,2,Ex 2 (Cat / /ae/),B,human,somewhere_where,2,1,509.71,0.003271,0.2007,26.05,318.23,105.18,23.1328,-8.0211
P1,2,Ex 2 (Cat / /ae/),B,human,baseline_some,-1,1,260.55,0.004424,0.2849,20.39,424.65,98.69,26.2087,4.0895
P1,2,Ex 2 (Cat / /ae/),B,human,baseline_where,-1,1,525.09,0.003381,0.2441,24.83,316.94,107.29,22.5955,-5.8757
P1,3,Ex 3 (Cow / /a/),A,animal,mimic,0,5,319.828,0.0068286,0.4364,19.988,288.21799999999996,90.876,22.50028,1.1098400000000002
P1,3,Ex 3 (Cow / /a/),A,animal,exercise,1,4,249.26749999999998,0.0044585,0.343825,20.3275,323.9525,88.365,24.225275,-0.6565500000000001
P1,3,Ex 3 (Cow / /a/),A,animal,somewhere_some,2,1,259.46,0.00275,0.1565,20.41,385.97,96.57,27.8214,2.2853
P1,3,Ex 3 (Cow / /a/),A,animal,somewhere_where,2,1,520.0,0.003575,0.2005,24.94,329.23,105.65,23.8874,-3.6662
P1,3,Ex 3 (Cow / /a/),A,animal,baseline_some,-1,1,260.67,0.002696,0.1825,21.22,403.56,96.83,27.8829,2.013
P1,3,Ex 3 (Cow / /a/),A,animal,baseline_where,-1,1,519.15,0.00287,0.1978,26.53,300.47,104.42,23.8393,-5.1814
P1,3,Ex 3 (Cow / /a/),B,human,mimic,0,4,561.87,0.01515625,0.606375,11.5275,245.1875,91.89750000000001,21.911125,6.837725000000001
P1,3,Ex 3 (Cow / /a/),B,human,exercise,1,5,341.12,0.0110996,0.5156799999999999,17.040000000000003,383.53,91.17799999999998,23.38908,4.755840000000001
P1,3,Ex 3 (Cow / /a/),B,human,somewhere_some,2,1,260.99,0.003003,0.1846,19.83,420.42,98.86,28.1429,4.3256
P1,3,Ex 3 (Cow / /a/),B,human,somewhere_where,2,1,521.12,0.002875,0.2495,25.37,357.52,109.65,24.1943,-4.1991
P1,3,Ex 3 (Cow / /a/),B,human,baseline_some,-1,1,260.55,0.004424,0.2849,20.39,424.65,98.69,26.2087,4.0895
P1,3,Ex 3 (Cow / /a/),B,human,baseline_where,-1,1,525.09,0.003381,0.2441,24.83,316.94,107.29,22.5955,-5.8757
P2,1,Ex 1 (Owl / /u/),A,animal,mimic,0,5,612.186,0.001915,0.10176,29.538,146.176,112.75399999999999,18.43846,15.936759999999998
P2,1,Ex 1 (Owl / /u/),A,animal,exercise,1,6,598.5433333333334,0.0017241666666666666,0.10648333333333333,30.93166666666666,245.90666666666664,103.06166666666665,21.404083333333332,8.0194
P2,1,Ex 1 (Owl / /u/),A,animal,somewhere_some,2,1,263.34,0.003196,0.1753,23.96,338.42,99.14,23.9959,0.3211
P2,1,Ex 1 (Owl / /u/),A,animal,somewhere_where,2,1,532.16,0.003748,0.3168,21.97,455.82,102.21,20.996,2.155
P2,1,Ex 1 (Owl / /u/),A,animal,baseline_some,-1,1,261.14,0.002907,0.1449,24.71,380.65,91.84,25.3024,2.4886
P2,1,Ex 1 (Owl / /u/),A,animal,baseline_where,-1,1,517.9,0.006214,0.5437,19.29,549.34,92.88,20.3169,-0.3956
P2,1,Ex 1 (Owl / /u/),B,human,mimic,0,5,559.54,0.0031348,0.18066,25.334,204.202,85.344,17.7097,11.446760000000001
P2,1,Ex 1 (Owl / /u/),B,human,exercise,1,5,603.386,0.001586,0.09162000000000001,32.55800000000001,205.586,102.724,23.0096,11.49252
P2,1,Ex 1 (Owl / /u/),B,human,somewhere_some,2,1,266.03,0.001702,0.122,25.74,344.05,94.42,26.3914,5.8693
P2,1,Ex 1 (Owl / /u/),B,human,somewhere_where,2,1,536.16,0.006637,0.2591,23.79,502.0,98.64,23.8592,0.1173
P2,1,Ex 1 (Owl / /u/),B,human,baseline_some,-1,1,260.08,0.002007,0.1495,26.63,382.44,95.1,26.4576,4.2617
P2,1,Ex 1 (Owl / /u/),B,human,baseline_where,-1,1,517.77,0.003755,0.2054,23.14,413.16,100.56,20.81,-0.3029
P2,2,Ex 2 (Cat / /ae/),A,animal,mimic,0,5,396.87,0.0117876,0.49138000000000004,10.82,1066.1519999999998,87.25000000000001,20.060499999999998,5.64114
P2,2,Ex 2 (Cat / /ae/),A,animal,exercise,1,5,422.6,0.0062308,0.35544000000000003,16.788,584.4300000000001,95.97800000000001,22.06478,-5.2735
P2,2,Ex 2 (Cat / /ae/),A,animal,somewhere_some,2,1,261.32,0.006515,0.1461,21.26,346.13,97.26,22.7147,3.3211
P2,2,Ex 2 (Cat / /ae/),A,animal,somewhere_where,2,1,527.3,0.008147,0.4405,18.44,606.91,99.32,21.0292,5.5151
P2,2,Ex 2 (Cat / /ae/),A,animal,baseline_some,-1,1,261.14,0.002907,0.1449,24.71,380.65,91.84,25.3024,2.4886
P2,2,Ex 2 (Cat / /ae/),A,animal,baseline_where,-1,1,517.9,0.006214,0.5437,19.29,549.34,92.88,20.3169,-0.3956
P2,2,Ex 2 (Cat / /ae/),B,human,mimic,0,5,356.28600000000006,0.0073394,0.4422,14.190000000000001,481.83600000000007,90.088,20.659879999999998,-9.85068
P2,2,Ex 2 (Cat / /ae/),B,human,exercise,1,5,432.05600000000004,0.0113858,0.47546,17.154,426.45799999999997,97.51,20.24854,-6.95158
P2,2,Ex 2 (Cat / /ae/),B,human,somewhere_some,2,1,266.93,0.002236,0.1244,24.61,410.98,98.37,23.7575,7.0161
P2,2,Ex 2 (Cat / /ae/),B,human,somewhere_where,2,1,531.45,0.007285,0.3215,22.59,473.61,103.93,22.0636,1.2145
P2,2,Ex 2 (Cat / /ae/),B,human,baseline_some,-1,1,260.08,0.002007,0.1495,26.63,382.44,95.1,26.4576,4.2617
P2,2,Ex 2 (Cat / /ae/),B,human,baseline_where,-1,1,517.77,0.003755,0.2054,23.14,413.16,100.56,20.81,-0.3029
P2,3,Ex 3 (Cow / /a/),A,animal,mimic,0,5,417.36799999999994,0.017013599999999997,0.5694,19.312,187.05,92.474,18.34232,17.140620000000002
P2,3,Ex 3 (Cow / /a/),A,animal,exercise,1,5,321.664,0.0248716,0.75724,14.092000000000002,187.106,88.252,17.8508,14.8814
P2,3,Ex 3 (Cow / /a/),A,animal,somewhere_some,2,1,259.96,0.002357,0.1613,25.67,344.81,95.02,24.7189,2.5107
P2,3,Ex 3 (Cow / /a/),A,animal,somewhere_where,2,1,521.26,0.0049,0.3231,22.32,495.8,96.86,21.0774,5.5869
P2,3,Ex 3 (Cow / /a/),A,animal,baseline_some,-1,1,261.14,0.002907,0.1449,24.71,380.65,91.84,25.3024,2.4886
P2,3,Ex 3 (Cow / /a/),A,animal,baseline_where,-1,1,517.9,0.006214,0.5437,19.29,549.34,92.88,20.3169,-0.3956
P2,3,Ex 3 (Cow / /a/),B,human,mimic,0,5,440.758,0.014896600000000001,0.63924,14.376,218.74200000000002,80.966,17.4558,3.3153999999999995
P2,3,Ex 3 (Cow / /a/),B,human,exercise,1,5,474.86400000000003,0.036631800000000006,1.08896,9.354,322.31399999999996,90.31199999999998,19.783479999999997,-1.0329800000000002
P2,3,Ex 3 (Cow / /a/),B,human,somewhere_some,2,1,266.54,0.002274,0.1217,26.73,360.04,93.87,26.288,3.5482
P2,3,Ex 3 (Cow / /a/),B,human,somewhere_where,2,1,529.64,0.008876,0.321,22.04,428.58,99.1,22.3628,
P2,3,Ex 3 (Cow / /a/),B,human,baseline_some,-1,1,260.08,0.002007,0.1495,26.63,382.44,95.1,26.4576,4.2617
P2,3,Ex 3 (Cow / /a/),B,human,baseline_where,-1,1,517.77,0.003755,0.2054,23.14,413.16,100.56,20.81,-0.3029
P3,1,Ex 1 (Owl / /u/),A,animal,mimic,0,5,561.072,0.0018996,0.12603999999999999,31.802,203.804,99.96600000000001,18.492060000000002,7.983960000000001
P3,1,Ex 1 (Owl / /u/),A,animal,exercise,1,5,600.088,0.0016040000000000002,0.10371999999999999,34.616,168.47599999999997,101.814,19.826439999999998,12.924100000000001
P3,1,Ex 1 (Owl / /u/),A,animal,somewhere_some,2,1,255.81,0.002205,0.1608,24.26,418.38,95.33,25.9846,
P3,1,Ex 1 (Owl / /u/),A,animal,somewhere_where,2,1,528.4,0.003275,0.1896,25.28,390.98,106.98,22.3042,-0.852
P3,1,Ex 1 (Owl / /u/),A,animal,baseline_some,-1,1,256.19,0.002856,0.3377,22.13,432.36,96.66,25.6035,3.3575
P3,1,Ex 1 (Owl / /u/),A,animal,baseline_where,-1,1,512.17,0.00361,0.2033,25.81,365.4,107.78,21.3009,-0.2046
P3,1,Ex 1 (Owl / /u/),B,human,mimic,0,5,534.1719999999999,0.0038454,0.2029,27.130000000000003,279.884,85.478,15.61026,4.81364
P3,1,Ex 1 (Owl / /u/),B,human,exercise,1,5,585.1,0.0015754,0.09314,33.722,253.53000000000003,100.558,20.49264,6.254
P3,1,Ex 1 (Owl / /u/),B,human,somewhere_some,2,1,256.24,0.001812,0.2961,25.64,379.29,96.58,28.0358,1.041
P3,1,Ex 1 (Owl / /u/),B,human,somewhere_where,2,1,519.0,0.00233,0.1477,26.98,308.24,109.79,22.727,-5.3636
P3,1,Ex 1 (Owl / /u/),B,human,baseline_some,-1,1,258.09,0.001726,0.2869,25.16,402.79,97.07,27.2488,2.8392
P3,1,Ex 1 (Owl / /u/),B,human,baseline_where,-1,1,520.65,0.003331,0.2532,24.73,359.2,108.22,22.9751,-3.8345
P3,2,Ex 2 (Cat / /ae/),A,animal,mimic,0,5,480.13800000000003,0.0031336000000000003,0.20749999999999996,18.221999999999998,1165.1560000000002,85.898,19.69156,0.25836
P3,2,Ex 2 (Cat / /ae/),A,animal,exercise,1,5,426.55,0.0014160000000000002,0.12474,25.568000000000005,528.2760000000001,98.35,25.1988,-6.67144
P3,2,Ex 2 (Cat / /ae/),A,animal,somewhere_some,2,1,258.82,0.001906,0.2643,24.29,366.66,97.11,26.8489,2.3937
P3,2,Ex 2 (Cat / /ae/),A,animal,somewhere_where,2,1,521.02,0.003566,0.2346,25.82,325.63,107.64,22.1616,-2.8754
P3,2,Ex 2 (Cat / /ae/),A,animal,baseline_some,-1,1,256.19,0.002856,0.3377,22.13,432.36,96.66,25.6035,3.3575
P3,2,Ex 2 (Cat / /ae/),A,animal,baseline_where,-1,1,512.17,0.00361,0.2033,25.81,365.4,107.78,21.3009,-0.2046
P3,2,Ex 2 (Cat / /ae/),B,human,mimic,0,5,320.748,0.004791,0.20254000000000003,15.902000000000001,430.052,93.39200000000001,23.17772,-1.8559999999999999
P3,2,Ex 2 (Cat / /ae/),B,human,exercise,1,5,414.872,0.0017854000000000001,0.18344,25.839999999999996,326.758,99.55799999999999,24.32342,-4.598940000000001
P3,2,Ex 2 (Cat / /ae/),B,human,somewhere_some,2,1,255.91,0.002814,0.2594,24.99,374.59,99.86,27.5194,0.2553
P3,2,Ex 2 (Cat / /ae/),B,human,somewhere_where,2,1,510.49,0.00159,0.1422,27.71,285.11,111.04,23.1987,-4.8083
P3,2,Ex 2 (Cat / /ae/),B,human,baseline_some,-1,1,258.09,0.001726,0.2869,25.16,402.79,97.07,27.2488,2.8392
P3,2,Ex 2 (Cat / /ae/),B,human,baseline_where,-1,1,520.65,0.003331,0.2532,24.73,359.2,108.22,22.9751,-3.8345
P3,3,Ex 3 (Cow / /a/),A,animal,mimic,0,5,260.246,0.0053864,0.12742,20.276,555.822,88.732,24.596479999999996,1.8095199999999998
P3,3,Ex 3 (Cow / /a/),A,animal,exercise,1,4,494.27,0.01621625,1.014225,12.297500000000001,326.3625,84.68,21.752425,6.200499999999999
P3,3,Ex 3 (Cow / /a/),A,animal,somewhere_some,2,1,259.11,0.001722,0.3172,25.09,364.87,97.58,26.7347,2.8532
P3,3,Ex 3 (Cow / /a/),A,animal,somewhere_where,2,1,512.38,0.002266,0.1729,26.54,351.76,109.41,23.0015,-4.5192
P3,3,Ex 3 (Cow / /a/),A,animal,baseline_some,-1,1,256.19,0.002856,0.3377,22.13,432.36,96.66,25.6035,3.3575
P3,3,Ex 3 (Cow / /a/),A,animal,baseline_where,-1,1,512.17,0.00361,0.2033,25.81,365.4,107.78,21.3009,-0.2046
P3,3,Ex 3 (Cow / /a/),B,human,mimic,0,5,507.072,0.0200628,0.9422200000000001,9.69,227.458,84.14200000000001,18.453359999999996,9.01056
P3,3,Ex 3 (Cow / /a/),B,human,exercise,1,5,573.134,0.020606999999999997,1.25504,10.212,365.216,85.176,20.926840000000002,7.18188
P3,3,Ex 3 (Cow / /a/),B,human,somewhere_some,2,1,262.31,0.001321,0.2652,26.78,383.26,98.69,29.129,1.3944
P3,3,Ex 3 (Cow / /a/),B,human,somewhere_where,2,1,524.27,0.003401,0.2316,24.54,388.19,107.76,22.1848,-2.564
P3,3,Ex 3 (Cow / /a/),B,human,baseline_some,-1,1,258.09,0.001726,0.2869,25.16,402.79,97.07,27.2488,2.8392
P3,3,Ex 3 (Cow / /a/),B,human,baseline_where,-1,1,520.65,0.003331,0.2532,24.73,359.2,108.22,22.9751,-3.8345
P4,1,Ex 1 (Owl / /u/),A,animal,mimic,0,5,549.4799999999999,0.0012644,0.08463999999999999,31.613999999999997,217.1,114.78800000000001,20.416,11.59966
P4,1,Ex 1 (Owl / /u/),A,animal,exercise,1,5,598.1319999999998,0.0010126,0.07239999999999999,33.278,249.76799999999997,107.42,23.462600000000002,9.53434
P4,1,Ex 1 (Owl / /u/),A,animal,somewhere_some,2,1,261.59,0.002722,0.1424,26.64,345.33,90.8,28.1056,5.9658
P4,1,Ex 1 (Owl / /u/),A,animal,somewhere_where,2,1,506.66,0.001526,0.1157,30.81,305.48,100.42,22.9432,6.4894
P4,1,Ex 1 (Owl / /u/),A,animal,baseline_some,-1,1,257.19,0.002526,0.3348,23.38,341.94,97.29,26.0578,4.0223
P4,1,Ex 1 (Owl / /u/),A,animal,baseline_where,-1,1,519.5,0.005004,0.1987,24.6,411.07,102.46,22.2479,5.925
P4,1,Ex 1 (Owl / /u/),B,human,mimic,0,4,534.2825,0.000974,0.11655,33.705,242.4925,109.67750000000001,24.8769,7.336875000000001
P4,1,Ex 1 (Owl / /u/),B,human,exercise,1,4,589.35,0.0008595,0.06035,35.6625,249.13250000000002,112.26499999999999,23.9728,9.1278
P4,1,Ex 1 (Owl / /u/),B,human,somewhere_some,2,1,248.91,0.002496,0.2906,19.26,316.77,101.81,26.0778,
P4,1,Ex 1 (Owl / /u/),B,human,somewhere_where,2,1,513.13,0.003534,0.2116,24.57,410.67,105.96,22.8191,2.7119
P4,1,Ex 1 (Owl / /u/),B,human,baseline_some,-1,1,254.97,0.002768,0.3164,21.38,338.68,105.09,26.514,
P4,1,Ex 1 (Owl / /u/),B,human,baseline_where,-1,1,517.31,0.004271,0.2004,24.81,383.82,107.72,20.3921,4.4322
P4,2,Ex 2 (Cat / /ae/),A,animal,mimic,0,5,444.812,0.0066064,0.2404,15.813999999999998,836.702,90.666,20.857319999999998,-8.80966
P4,2,Ex 2 (Cat / /ae/),A,animal,exercise,1,5,424.03600000000006,0.0031998,0.18068,19.594,557.7940000000001,97.59200000000001,24.58384,-6.75728
P4,2,Ex 2 (Cat / /ae/),A,animal,somewhere_some,2,1,254.01,0.002868,0.2803,23.51,348.64,96.36,27.1031,4.5414
P4,2,Ex 2 (Cat / /ae/),A,animal,somewhere_where,2,1,514.72,0.002933,0.2435,25.59,418.06,103.49,23.0516,2.5524
P4,2,Ex 2 (Cat / /ae/),A,animal,baseline_some,-1,1,257.19,0.002526,0.3348,23.38,341.94,97.29,26.0578,4.0223
P4,2,Ex 2 (Cat / /ae/),A,animal,baseline_where,-1,1,519.5,0.005004,0.1987,24.6,411.07,102.46,22.2479,5.925
P4,2,Ex 2 (Cat / /ae/),B,human,mimic,0,5,362.01000000000005,0.0062984,0.28312,13.580000000000002,496.58599999999996,97.02799999999999,24.03098,-6.35598
P4,2,Ex 2 (Cat / /ae/),B,human,exercise,1,4,415.5375,0.00374125,0.211325,20.0425,343.75,104.2925,24.99465,-5.101425000000001
P4,2,Ex 2 (Cat / /ae/),B,human,somewhere_some,2,1,252.77,0.001953,0.2895,22.45,321.49,107.3,28.678,2.535
P4,2,Ex 2 (Cat / /ae/),B,human,somewhere_where,2,1,498.38,0.002188,0.1411,25.71,358.68,109.33,24.0373,-1.5446
P4,2,Ex 2 (Cat / /ae/),B,human,baseline_some,-1,1,254.97,0.002768,0.3164,21.38,338.68,105.09,26.514,
P4,2,Ex 2 (Cat / /ae/),B,human,baseline_where,-1,1,517.31,0.004271,0.2004,24.81,383.82,107.72,20.3921,4.4322
P4,3,Ex 3 (Cow / /a/),A,animal,mimic,0,5,328.72799999999995,0.015881799999999998,0.42562,22.402,259.93,93.91400000000002,22.895899999999997,3.5007999999999995
P4,3,Ex 3 (Cow / /a/),A,animal,exercise,1,5,585.8100000000001,0.025894,1.02562,12.370000000000001,279.092,90.58,21.77096,7.942580000000001
P4,3,Ex 3 (Cow / /a/),A,animal,somewhere_some,2,1,258.11,0.001719,0.1682,24.66,340.83,97.68,25.6642,5.1478
P4,3,Ex 3 (Cow / /a/),A,animal,somewhere_where,2,1,517.39,0.003314,0.163,25.46,339.48,102.61,20.0113,2.8811
P4,3,Ex 3 (Cow / /a/),A,animal,baseline_some,-1,1,257.19,0.002526,0.3348,23.38,341.94,97.29,26.0578,4.0223
P4,3,Ex 3 (Cow / /a/),A,animal,baseline_where,-1,1,519.5,0.005004,0.1987,24.6,411.07,102.46,22.2479,5.925
P4,3,Ex 3 (Cow / /a/),B,human,mimic,0,5,437.87399999999997,0.031707,1.2262,9.232000000000003,304.508,91.292,18.6555,-5.2648600000000005
P4,3,Ex 3 (Cow / /a/),B,human,exercise,1,5,448.424,0.026896200000000002,1.22524,14.301999999999998,290.23600000000005,91.47,18.62034,-9.034180000000001
P4,3,Ex 3 (Cow / /a/),B,human,somewhere_some,2,1,251.2,0.002275,0.2761,22.46,293.46,111.98,28.3475,4.042
P4,3,Ex 3 (Cow / /a/),B,human,somewhere_where,2,1,498.25,0.002447,0.204,25.93,367.04,112.31,23.6275,-0.2751
P4,3,Ex 3 (Cow / /a/),B,human,baseline_some,-1,1,254.97,0.002768,0.3164,21.38,338.68,105.09,26.514,
P4,3,Ex 3 (Cow / /a/),B,human,baseline_where,-1,1,517.31,0.004271,0.2004,24.81,383.82,107.72,20.3921,4.4322
P5,1,Ex 1 (Owl / /u/),A,animal,mimic,0,5,520.116,0.0032427999999999997,0.12784,25.753999999999998,158.452,117.876,16.21098,15.61394
P5,1,Ex 1 (Owl / /u/),A,animal,exercise,1,5,590.3019999999999,0.0011477999999999998,0.06946,33.034000000000006,220.352,110.58399999999999,20.05806,9.679820000000001
P5,1,Ex 1 (Owl / /u/),A,animal,somewhere_some,2,1,261.85,0.003417,0.2567,22.22,496.78,104.78,26.8768,5.2877
P5,1,Ex 1 (Owl / /u/),A,animal,somewhere_where,2,1,525.31,0.004793,0.4782,24.46,376.56,107.38,21.836,5.885
P5,1,Ex 1 (Owl / /u/),A,animal,baseline_some,-1,1,258.41,0.003469,0.1695,23.17,289.35,96.78,22.0908,12.738
P5,1,Ex 1 (Owl / /u/),A,animal,baseline_where,-1,1,524.9,0.002652,0.2025,26.88,370.32,102.83,21.4571,
P5,1,Ex 1 (Owl / /u/),B,human,mimic,0,6,509.3583333333333,0.004370499999999999,0.19865,21.103333333333335,231.14333333333335,87.67333333333333,17.6527,14.874083333333333
P5,1,Ex 1 (Owl / /u/),B,human,exercise,1,5,585.5820000000001,0.0018448000000000002,0.08152000000000001,33.75,168.252,105.49600000000001,20.15438,14.905940000000001
P5,1,Ex 1 (Owl / /u/),B,human,somewhere_some,2,1,260.3,0.002386,0.1196,25.57,428.24,96.72,26.8284,2.6286
P5,1,Ex 1 (Owl / /u/),B,human,somewhere_where,2,1,530.11,0.001107,0.08,29.27,464.83,103.9,25.1329,7.537
P5,1,Ex 1 (Owl / /u/),B,human,baseline_some,-1,1,258.08,0.00247,0.1033,25.09,375.43,95.01,25.7366,9.4155
P5,1,Ex 1 (Owl / /u/),B,human,baseline_where,-1,1,528.16,0.002704,0.2401,27.14,454.98,100.17,23.8488,5.5051
P5,2,Ex 2 (Cat / /ae/),A,animal,mimic,0,6,399.59833333333336,0.0085705,0.35118333333333335,14.464999999999998,841.7966666666666,74.86833333333334,15.751683333333332,1.2211999999999998
P5,2,Ex 2 (Cat / /ae/),A,animal,exercise,1,5,407.756,0.005556,0.3736,18.274,726.9440000000001,105.12,23.05764,2.6578999999999997
P5,2,Ex 2 (Cat / /ae/),A,animal,somewhere_some,2,1,262.4,0.002234,0.1202,24.03,483.05,98.21,26.9352,5.5202
P5,2,Ex 2 (Cat / /ae/),A,animal,somewhere_where,2,1,527.72,0.001946,0.2845,26.14,391.95,104.62,22.1427,7.2253
P5,2,Ex 2 (Cat / /ae/),A,animal,baseline_some,-1,1,258.41,0.003469,0.1695,23.17,289.35,96.78,22.0908,12.738
P5,2,Ex 2 (Cat / /ae/),A,animal,baseline_where,-1,1,524.9,0.002652,0.2025,26.88,370.32,102.83,21.4571,
P5,2,Ex 2 (Cat / /ae/),B,human,mimic,0,6,390.125,0.0058315,0.3034833333333333,14.725,613.15,94.665,20.96145,0.2588
P5,2,Ex 2 (Cat / /ae/),B,human,exercise,1,4,417.885,0.004032,0.2392,19.02,526.7625,103.755,24.308950000000003,-0.6734500000000001
P5,2,Ex 2 (Cat / /ae/),B,human,somewhere_some,2,1,263.67,0.002657,0.1824,22.07,496.36,100.63,28.6243,0.9492
P5,2,Ex 2 (Cat / /ae/),B,human,somewhere_where,2,1,,,,,,,25.8724,4.7914
P5,2,Ex 2 (Cat / /ae/),B,human,baseline_some,-1,1,258.08,0.00247,0.1033,25.09,375.43,95.01,25.7366,9.4155
P5,2,Ex 2 (Cat / /ae/),B,human,baseline_where,-1,1,528.16,0.002704,0.2401,27.14,454.98,100.17,23.8488,5.5051
P5,3,Ex 3 (Cow / /a/),A,animal,mimic,0,4,280.61,0.0057540000000000004,0.19865,19.6725,338.6225,87.475,19.41895,-0.0628249999999998
P5,3,Ex 3 (Cow / /a/),A,animal,exercise,1,5,417.476,0.014664199999999999,0.5730000000000001,24.992,126.96799999999999,96.444,21.703120000000002,19.153699999999997
P5,3,Ex 3 (Cow / /a/),A,animal,somewhere_some,2,1,259.52,0.002218,0.1371,25.25,336.26,97.09,24.292,6.6747
P5,3,Ex 3 (Cow / /a/),A,animal,somewhere_where,2,1,516.84,0.002621,0.1468,27.72,355.08,102.38,22.1227,
P5,3,Ex 3 (Cow / /a/),A,animal,baseline_some,-1,1,258.41,0.003469,0.1695,23.17,289.35,96.78,22.0908,12.738
P5,3,Ex 3 (Cow / /a/),A,animal,baseline_where,-1,1,524.9,0.002652,0.2025,26.88,370.32,102.83,21.4571,
P5,3,Ex 3 (Cow / /a/),B,human,mimic,0,4,635.8199999999999,0.01763425,0.6081000000000001,13.722500000000002,145.87,87.4275,19.0863,16.210224999999998
P5,3,Ex 3 (Cow / /a/),B,human,exercise,1,5,522.762,0.029164799999999998,1.18574,10.488,235.71800000000002,89.286,22.27914,8.04966
P5,3,Ex 3 (Cow / /a/),B,human,somewhere_some,2,1,257.48,0.002649,0.1629,22.88,494.49,96.94,27.1414,0.9896
P5,3,Ex 3 (Cow / /a/),B,human,somewhere_where,2,1,515.87,0.003565,0.2711,23.11,507.74,105.87,24.1406,2.2807
P5,3,Ex 3 (Cow / /a/),B,human,baseline_some,-1,1,258.08,0.00247,0.1033,25.09,375.43,95.01,25.7366,9.4155
P5,3,Ex 3 (Cow / /a/),B,human,baseline_where,-1,1,528.16,0.002704,0.2401,27.14,454.98,100.17,23.8488,5.5051
